table_name,column_name,ordinal_position,total_rows,data_type
jrd_bac,kyoso_shubetsu_code,10,110,character varying
jrd_bac,kyoso_joken_code,11,110,character varying
jrd_bac,kyoso_kigo_code,12,110,character varying
jrd_bac,juryo_shubetsu_code,13,110,character varying
jrd_bac,kyosomei,15,110,character varying
jrd_bac,jusho_kaiji,16,110,character varying
jrd_bac,toroku_tosu,17,110,character varying
jrd_bac,course_kubun,18,110,character varying
jrd_bac,kaisai_kubun,19,110,character varying
jrd_bac,kyosomei_ryakusho_4,20,110,character varying
jrd_bac,kyosomei_ryakusho_9,21,110,character varying
jrd_bac,data_kubun,22,110,character varying
jrd_bac,honshokin,23,110,character varying
jrd_bac,fukashokin,24,110,character varying
jrd_bac,baken_hatsubai_flag,25,110,character varying
jrd_bac,win5_flag,26,110,character varying
jrd_bac,yobi_1,27,110,character varying
jrd_cyb,chokyo_type,7,3081,character varying
jrd_cyb,chokyo_corse_shubetsu,8,3081,character varying
jrd_cyb,chokyo_corse_hanro,9,3081,character varying
jrd_cyb,chokyo_corse_wood,10,3081,character varying
jrd_cyb,chokyo_corse_dirt,11,3081,character varying
jrd_cyb,chokyo_corse_shiba,12,3081,character varying
jrd_cyb,chokyo_corse_pool,13,3081,character varying
jrd_cyb,chokyo_corse_shogai,14,3081,character varying
jrd_cyb,chokyo_corse_polytrack,15,3081,character varying
jrd_cyb,chokyo_kyori,16,3081,character varying
jrd_cyb,chokyo_juten,17,3081,character varying
jrd_cyb,oikiri_shisu,18,3081,character varying
jrd_cyb,chokyo_ryo_hyoka,20,3081,character varying
jrd_cyb,shiage_shisu_henka,21,3081,character varying
jrd_cyb,chokyo_comment,22,3081,character varying
jrd_cyb,comment_nengappi,23,3081,character varying
jrd_cyb,oikiri_shisu_isshumae,25,3081,character varying
jrd_cyb,oikiri_corse_isshumae,26,3081,character varying
jrd_cyb,yobi_1,27,3081,character varying
jrd_joa,ketto_toroku_bango,7,4828,character varying
jrd_joa,bamei,8,4828,character varying
jrd_joa,kijun_odds_tansho,9,4828,character varying
jrd_joa,kijun_odds_fukusho,10,4828,character varying
jrd_joa,cid_chokyo_soten,11,4828,character varying
jrd_joa,cid_kyusha_soten,12,4828,character varying
jrd_joa,cid_soten,13,4828,character varying
jrd_joa,kyusha_bb_nijumaru_rentai_ritsu,20,4828,character varying
jrd_joa,kishu_bb_nijumaru_tansho_kaishuritsu,22,4828,character varying
jrd_joa,kishu_bb_nijumaru_rentai_ritsu,23,4828,character varying
jrd_joa,yobi_1,24,4828,character varying
jrd_kyi,ketto_toroku_bango,7,4828,character varying
jrd_kyi,bamei,8,4828,character varying
jrd_kyi,yobi_1,12,4828,character varying
jrd_kyi,kijun_odds_tansho,18,4828,character varying
jrd_kyi,kijun_ninkijun_tansho,19,4828,character varying
jrd_kyi,kijun_odds_fukusho,20,4828,character varying
jrd_kyi,kijun_ninkijun_fukusho,21,4828,character varying
jrd_kyi,tokutei_joho_1,22,4828,character varying
jrd_kyi,tokutei_joho_2,23,4828,character varying
jrd_kyi,tokutei_joho_3,24,4828,character varying
jrd_kyi,tokutei_joho_4,25,4828,character varying
jrd_kyi,tokutei_joho_5,26,4828,character varying
jrd_kyi,sogo_joho_1,27,4828,character varying
jrd_kyi,sogo_joho_2,28,4828,character varying
jrd_kyi,sogo_joho_3,29,4828,character varying
jrd_kyi,sogo_joho_4,30,4828,character varying
jrd_kyi,sogo_joho_5,31,4828,character varying
jrd_kyi,yobi_2,42,4828,character varying
jrd_kyi,kishumei,44,4828,character varying
jrd_kyi,futan_juryo,45,4828,character varying
jrd_kyi,kishu_minarai_code,46,4828,character varying
jrd_kyi,chokyoshimei,47,4828,character varying
jrd_kyi,chokyoshi_shozoku,48,4828,character varying
jrd_kyi,kako1_kyoso_seiseki_key,49,4828,character varying
jrd_kyi,kako2_kyoso_seiseki_key,50,4828,character varying
jrd_kyi,kako3_kyoso_seiseki_key,51,4828,character varying
jrd_kyi,kako4_kyoso_seiseki_key,52,4828,character varying
jrd_kyi,kako5_kyoso_seiseki_key,53,4828,character varying
jrd_kyi,kako1_race_key,54,4828,character varying
jrd_kyi,kako2_race_key,55,4828,character varying
jrd_kyi,kako3_race_key,56,4828,character varying
jrd_kyi,kako4_race_key,57,4828,character varying
jrd_kyi,kako5_race_key,58,4828,character varying
jrd_kyi,yobi_3,60,4828,character varying
jrd_kyi,shirushi_code_1,61,4828,character varying
jrd_kyi,shirushi_code_2,62,4828,character varying
jrd_kyi,shirushi_code_3,63,4828,character varying
jrd_kyi,shirushi_code_4,64,4828,character varying
jrd_kyi,shirushi_code_5,65,4828,character varying
jrd_kyi,shirushi_code_6,66,4828,character varying
jrd_kyi,shirushi_code_7,67,4828,character varying
jrd_kyi,tekisei_code_shiba,68,4828,character varying
jrd_kyi,tekisei_code_dirt,69,4828,character varying
jrd_kyi,kishu_code,70,4828,character varying
jrd_kyi,chokyoshi_code,71,4828,character varying
jrd_kyi,yobi_4,72,4828,character varying
jrd_kyi,kakutoku_shokin_ruikei,73,4828,character varying
jrd_kyi,shutoku_shokin_ruikei,74,4828,character varying
jrd_kyi,joken_class_code,75,4828,character varying
jrd_kyi,dochu_juni,81,4828,character varying
jrd_kyi,dochu_sa,82,4828,character varying
jrd_kyi,dochu_uchisoto,83,4828,character varying
jrd_kyi,kohan_3f_juni,84,4828,character varying
jrd_kyi,kohan_3f_sa,85,4828,character varying
jrd_kyi,kohan_3f_uchisoto,86,4828,character varying
jrd_kyi,goal_juni,87,4828,character varying
jrd_kyi,goal_sa,88,4828,character varying
jrd_kyi,goal_uchisoto,89,4828,character varying
jrd_kyi,tenkai_kigo_code,90,4828,character varying
jrd_kyi,kyori_tekisei_code_2,91,4828,character varying
jrd_kyi,bataiju,92,4828,character varying
jrd_kyi,torikeshi_flag,94,4828,character varying
jrd_kyi,banushimei,96,4828,character varying
jrd_kyi,banushikai_code,97,4828,character varying
jrd_kyi,umakigo_code,98,4828,character varying
jrd_kyi,gekiso_juni,99,4828,character varying
jrd_kyi,ls_shisu_juni,100,4828,character varying
jrd_kyi,ten_shisu_juni,101,4828,character varying
jrd_kyi,pace_shisu_juni,102,4828,character varying
jrd_kyi,agari_shisu_juni,103,4828,character varying
jrd_kyi,ichi_shisu_juni,104,4828,character varying
jrd_kyi,kishu_kitai_tansho_ritsu,105,4828,character varying
jrd_kyi,kishu_kitai_sanchakunai_ritsu,106,4828,character varying
jrd_kyi,yuso_kubun,107,4828,character varying
jrd_kyi,soho,108,4828,character varying
jrd_kyi,taikei,109,4828,character varying
jrd_kyi,taikei_sogo_1,110,4828,character varying
jrd_kyi,taikei_sogo_2,111,4828,character varying
jrd_kyi,taikei_sogo_3,112,4828,character varying
jrd_kyi,uma_tokki_1,113,4828,character varying
jrd_kyi,uma_tokki_2,114,4828,character varying
jrd_kyi,uma_tokki_3,115,4828,character varying
jrd_kyi,sanko_zenso,118,4828,character varying
jrd_kyi,sanko_zenso_kishu_code,119,4828,character varying
jrd_kyi,manken_shirushi,121,4828,character varying
jrd_kyi,kokyu_flag,122,4828,character varying
jrd_kyi,gekiso_type,123,4828,character varying
jrd_kyi,kyuyo_riyu_bunrui_code,124,4828,character varying
jrd_kyi,flag,125,4828,character varying
jrd_kyi,nyukyu_nansome,126,4828,character varying
jrd_kyi,nyukyu_nengappi,127,4828,character varying
jrd_kyi,nyukyu_nannichimae,128,4828,character varying
jrd_kyi,hobokusaki,129,4828,character varying
jrd_kyi,yobi_5,132,4828,character varying
jrd_sed,ketto_toroku_bango,7,3696,character varying
jrd_sed,bamei,10,3696,character varying
jrd_sed,babajotai_code,13,3696,character varying
jrd_sed,kyoso_shubetsu_code,14,3696,character varying
jrd_sed,kyoso_joken_code,15,3696,character varying
jrd_sed,kyoso_kigo_code,16,3696,character varying
jrd_sed,juryo_shubetsu_code,17,3696,character varying
jrd_sed,kyosomei,19,3696,character varying
jrd_sed,toroku_tosu,20,3696,character varying
jrd_sed,kyosomei_ryakusho_4,21,3696,character varying
jrd_sed,kakutei_chakujun,22,3696,character varying
jrd_sed,ijo_kubun_code,23,3696,character varying
jrd_sed,soha_time,24,3696,character varying
jrd_sed,futan_juryo,25,3696,character varying
jrd_sed,kishumei,26,3696,character varying
jrd_sed,chokyoshimei,27,3696,character varying
jrd_sed,tansho_odds,28,3696,character varying
jrd_sed,tansho_ninkijun,29,3696,character varying
jrd_sed,soten,31,3696,character varying
jrd_sed,babasa,32,3696,character varying
jrd_sed,pace,33,3696,character varying
jrd_sed,deokure,34,3696,character varying
jrd_sed,ichidori,35,3696,character varying
jrd_sed,furi,36,3696,character varying
jrd_sed,furi_1,37,3696,character varying
jrd_sed,furi_2,38,3696,character varying
jrd_sed,furi_3,39,3696,character varying
jrd_sed,race,40,3696,character varying
jrd_sed,course_dori_code,41,3696,character varying
jrd_sed,batai_code,44,3696,character varying
jrd_sed,kehai_code,45,3696,character varying
jrd_sed,race_pace,46,3696,character varying
jrd_sed,uma_pace,47,3696,character varying
jrd_sed,race_p_shisu,51,3696,character varying
jrd_sed,aiteuma_joho_1,52,3696,character varying
jrd_sed,zenhan_3f_taimu,53,3696,character varying
jrd_sed,kohan_3f,54,3696,character varying
jrd_sed,biko,55,3696,character varying
jrd_sed,yobi_1,56,3696,character varying
jrd_sed,odds_fukusho,57,3696,character varying
jrd_sed,odds_tansho_10am,58,3696,character varying
jrd_sed,odds_fukusho_10am,59,3696,character varying
jrd_sed,corner_1,60,3696,character varying
jrd_sed,corner_2,61,3696,character varying
jrd_sed,corner_3,62,3696,character varying
jrd_sed,corner_4,63,3696,character varying
jrd_sed,zenhan_3f_sento_sa,64,3696,character varying
jrd_sed,kohan_3f_sento_sa,65,3696,character varying
jrd_sed,kishu_code,66,3696,character varying
jrd_sed,chokyoshi_code,67,3696,character varying
jrd_sed,bataiju,68,3696,character varying
jrd_sed,course_kubun,71,3696,character varying
jrd_sed,haraimodoshi_tansho,73,3696,character varying
jrd_sed,haraimodoshi_fukusho,74,3696,character varying
jrd_sed,honshokin,75,3696,character varying
jrd_sed,shutoku_shokin,76,3696,character varying
jrd_sed,race_pace_nagare,77,3696,character varying
jrd_sed,uma_pace_nagare,78,3696,character varying
jrd_sed,corse_dori_code_corner_4,79,3696,character varying
jvd_ck,record_id,1,483981,character varying
jvd_ck,data_kubun,2,483981,character varying
jvd_ck,data_sakusei_nengappi,3,483981,character varying
jvd_ck,ketto_toroku_bango,10,483981,character varying
jvd_ck,bamei,11,483981,character varying
jvd_ck,heichi_honshokin_ruikei,12,483981,character varying
jvd_ck,shogai_honshokin_ruikei,13,483981,character varying
jvd_ck,heichi_fukashokin_ruikei,14,483981,character varying
jvd_ck,shogai_fukashokin_ruikei,15,483981,character varying
jvd_ck,heichi_shutokushokin_ruikei,16,483981,character varying
jvd_ck,shogai_shutokushokin_ruikei,17,483981,character varying
jvd_ck,sogo,18,483981,character varying
jvd_ck,chuo_gokei,19,483981,character varying
jvd_ck,shiba_choku,20,483981,character varying
jvd_ck,shiba_migi,21,483981,character varying
jvd_ck,shiba_hidari,22,483981,character varying
jvd_ck,dirt_choku,23,483981,character varying
jvd_ck,dirt_migi,24,483981,character varying
jvd_ck,dirt_hidari,25,483981,character varying
jvd_ck,shogai,26,483981,character varying
jvd_ck,shiba_ryo,27,483981,character varying
jvd_ck,shiba_yayaomo,28,483981,character varying
jvd_ck,shiba_omo,29,483981,character varying
jvd_ck,shiba_furyo,30,483981,character varying
jvd_ck,dirt_ryo,31,483981,character varying
jvd_ck,dirt_yayaomo,32,483981,character varying
jvd_ck,dirt_omo,33,483981,character varying
jvd_ck,dirt_furyo,34,483981,character varying
jvd_ck,shogai_ryo,35,483981,character varying
jvd_ck,shogai_yayaomo,36,483981,character varying
jvd_ck,shogai_omo,37,483981,character varying
jvd_ck,shogai_furyo,38,483981,character varying
jvd_ck,shiba_1200_ika,39,483981,character varying
jvd_ck,shiba_1201_1400,40,483981,character varying
jvd_ck,shiba_1401_1600,41,483981,character varying
jvd_ck,shiba_1601_1800,42,483981,character varying
jvd_ck,shiba_1801_2000,43,483981,character varying
jvd_ck,shiba_2001_2200,44,483981,character varying
jvd_ck,shiba_2201_2400,45,483981,character varying
jvd_ck,shiba_2401_2800,46,483981,character varying
jvd_ck,shiba_2801_ijo,47,483981,character varying
jvd_ck,dirt_1200_ika,48,483981,character varying
jvd_ck,dirt_1201_1400,49,483981,character varying
jvd_ck,dirt_1401_1600,50,483981,character varying
jvd_ck,dirt_1601_1800,51,483981,character varying
jvd_ck,dirt_1801_2000,52,483981,character varying
jvd_ck,dirt_2001_2200,53,483981,character varying
jvd_ck,dirt_2201_2400,54,483981,character varying
jvd_ck,dirt_2401_2800,55,483981,character varying
jvd_ck,dirt_2801_ijo,56,483981,character varying
jvd_ck,shiba_sapporo,57,483981,character varying
jvd_ck,shiba_hakodate,58,483981,character varying
jvd_ck,shiba_fukushima,59,483981,character varying
jvd_ck,shiba_niigata,60,483981,character varying
jvd_ck,shiba_tokyo,61,483981,character varying
jvd_ck,shiba_nakayama,62,483981,character varying
jvd_ck,shiba_chukyo,63,483981,character varying
jvd_ck,shiba_kyoto,64,483981,character varying
jvd_ck,shiba_hanshin,65,483981,character varying
jvd_ck,shiba_kokura,66,483981,character varying
jvd_ck,dirt_sapporo,67,483981,character varying
jvd_ck,dirt_hakodate,68,483981,character varying
jvd_ck,dirt_fukushima,69,483981,character varying
jvd_ck,dirt_niigata,70,483981,character varying
jvd_ck,dirt_tokyo,71,483981,character varying
jvd_ck,dirt_nakayama,72,483981,character varying
jvd_ck,dirt_chukyo,73,483981,character varying
jvd_ck,dirt_kyoto,74,483981,character varying
jvd_ck,dirt_hanshin,75,483981,character varying
jvd_ck,dirt_kokura,76,483981,character varying
jvd_ck,shogai_sapporo,77,483981,character varying
jvd_ck,shogai_hakodate,78,483981,character varying
jvd_ck,shogai_fukushima,79,483981,character varying
jvd_ck,shogai_niigata,80,483981,character varying
jvd_ck,shogai_tokyo,81,483981,character varying
jvd_ck,shogai_nakayama,82,483981,character varying
jvd_ck,shogai_chukyo,83,483981,character varying
jvd_ck,shogai_kyoto,84,483981,character varying
jvd_ck,shogai_hanshin,85,483981,character varying
jvd_ck,shogai_kokura,86,483981,character varying
jvd_ck,kyakushitsu_keiko,87,483981,character varying
jvd_ck,toroku_race_su,88,483981,character varying
jvd_ck,kishu_code,89,483981,character varying
jvd_ck,kishumei,90,483981,character varying
jvd_ck,seiseki_joho_kishu_1,91,483981,character varying
jvd_ck,seiseki_joho_kishu_2,92,483981,character varying
jvd_ck,chokyoshi_code,93,483981,character varying
jvd_ck,chokyoshimei,94,483981,character varying
jvd_ck,seiseki_joho_chokyoshi_1,95,483981,character varying
jvd_ck,seiseki_joho_chokyoshi_2,96,483981,character varying
jvd_ck,banushi_code,97,483981,character varying
jvd_ck,banushimei_hojinkaku,98,483981,character varying
jvd_ck,banushimei,99,483981,character varying
jvd_ck,seiseki_joho_banushi_1,100,483981,character varying
jvd_ck,seiseki_joho_banushi_2,101,483981,character varying
jvd_ck,seisansha_code,102,483981,character varying
jvd_ck,seisanshamei_hojinkaku,103,483981,character varying
jvd_ck,seisanshamei,104,483981,character varying
jvd_ck,seiseki_joho_seisansha_1,105,483981,character varying
jvd_ck,seiseki_joho_seisansha_2,106,483981,character varying
jvd_dm,record_id,1,34548,character varying
jvd_dm,data_kubun,2,34548,character varying
jvd_dm,data_sakusei_nengappi,3,34548,character varying
jvd_dm,data_sakusei_jifun,10,34548,character varying
jvd_dm,mining_yoso_01,11,34548,character varying
jvd_dm,mining_yoso_02,12,34548,character varying
jvd_dm,mining_yoso_03,13,34548,character varying
jvd_dm,mining_yoso_04,14,34548,character varying
jvd_dm,mining_yoso_05,15,34548,character varying
jvd_dm,mining_yoso_06,16,34548,character varying
jvd_dm,mining_yoso_07,17,34548,character varying
jvd_dm,mining_yoso_08,18,34548,character varying
jvd_dm,mining_yoso_09,19,34548,character varying
jvd_dm,mining_yoso_10,20,34548,character varying
jvd_dm,mining_yoso_11,21,34548,character varying
jvd_dm,mining_yoso_12,22,34548,character varying
jvd_dm,mining_yoso_13,23,34548,character varying
jvd_dm,mining_yoso_14,24,34548,character varying
jvd_dm,mining_yoso_15,25,34548,character varying
jvd_dm,mining_yoso_16,26,34548,character varying
jvd_dm,mining_yoso_17,27,34548,character varying
jvd_dm,mining_yoso_18,28,34548,character varying
jvd_h1,record_id,1,34516,character varying
jvd_h1,data_kubun,2,34516,character varying
jvd_h1,data_sakusei_nengappi,3,34516,character varying
jvd_h1,toroku_tosu,10,34516,character varying
jvd_h1,hatsubai_flag_tansho,12,34516,character varying
jvd_h1,hatsubai_flag_fukusho,13,34516,character varying
jvd_h1,hatsubai_flag_wakuren,14,34516,character varying
jvd_h1,hatsubai_flag_umaren,15,34516,character varying
jvd_h1,hatsubai_flag_wide,16,34516,character varying
jvd_h1,hatsubai_flag_umatan,17,34516,character varying
jvd_h1,hatsubai_flag_sanrenpuku,18,34516,character varying
jvd_h1,fukusho_chakubarai_key,19,34516,character varying
jvd_h1,henkan_umaban_joho,20,34516,character varying
jvd_h1,henkan_wakuban_joho,21,34516,character varying
jvd_h1,henkan_dowaku_joho,22,34516,character varying
jvd_h1,hyosu_tansho,23,34516,character varying
jvd_h1,hyosu_fukusho,24,34516,character varying
jvd_h1,hyosu_wakuren,25,34516,character varying
jvd_h1,hyosu_umaren,26,34516,character varying
jvd_h1,hyosu_wide,27,34516,character varying
jvd_h1,hyosu_umatan,28,34516,character varying
jvd_h1,hyosu_sanrenpuku,29,34516,character varying
jvd_h1,hyosu_gokei_tansho,30,34516,character varying
jvd_h1,hyosu_gokei_fukusho,31,34516,character varying
jvd_h1,hyosu_gokei_wakuren,32,34516,character varying
jvd_h1,hyosu_gokei_umaren,33,34516,character varying
jvd_h1,hyosu_gokei_wide,34,34516,character varying
jvd_h1,hyosu_gokei_umatan,35,34516,character varying
jvd_h1,hyosu_gokei_sanrenpuku,36,34516,character varying
jvd_h1,henkan_hyosu_gokei_tansho,37,34516,character varying
jvd_h1,henkan_hyosu_gokei_fukusho,38,34516,character varying
jvd_h1,henkan_hyosu_gokei_wakuren,39,34516,character varying
jvd_h1,henkan_hyosu_gokei_umaren,40,34516,character varying
jvd_h1,henkan_hyosu_gokei_wide,41,34516,character varying
jvd_h1,henkan_hyosu_gokei_umatan,42,34516,character varying
jvd_h1,henkan_hyosu_gokei_sanrenpuku,43,34516,character varying
jvd_h6,record_id,1,34516,character varying
jvd_h6,data_kubun,2,34516,character varying
jvd_h6,data_sakusei_nengappi,3,34516,character varying
jvd_h6,toroku_tosu,10,34516,character varying
jvd_h6,hatsubai_flag_sanrentan,12,34516,character varying
jvd_h6,henkan_umaban_joho,13,34516,character varying
jvd_h6,hyosu_sanrentan,14,34516,character varying
jvd_h6,hyosu_gokei_sanrentan,15,34516,character varying
jvd_h6,henkan_hyosu_gokei_sanrentan,16,34516,character varying
jvd_hc,record_id,1,11663431,character varying
jvd_hc,data_kubun,2,11663431,character varying
jvd_hc,data_sakusei_nengappi,3,11663431,character varying
jvd_hc,tracen_kubun,4,11663431,character varying
jvd_hc,chokyo_nengappi,5,11663431,character varying
jvd_hc,chokyo_jikoku,6,11663431,character varying
jvd_hc,ketto_toroku_bango,7,11663431,character varying
jvd_hc,time_gokei_4f,8,11663431,character varying
jvd_hc,lap_time_4f,9,11663431,character varying
jvd_hc,time_gokei_3f,10,11663431,character varying
jvd_hc,lap_time_3f,11,11663431,character varying
jvd_hc,time_gokei_2f,12,11663431,character varying
jvd_hc,lap_time_2f,13,11663431,character varying
jvd_hc,lap_time_1f,14,11663431,character varying
jvd_hr,record_id,1,34548,character varying
jvd_hr,data_kubun,2,34548,character varying
jvd_hr,data_sakusei_nengappi,3,34548,character varying
jvd_hr,toroku_tosu,10,34548,character varying
jvd_hr,fuseiritsu_flag_tansho,12,34548,character varying
jvd_hr,fuseiritsu_flag_fukusho,13,34548,character varying
jvd_hr,fuseiritsu_flag_wakuren,14,34548,character varying
jvd_hr,fuseiritsu_flag_umaren,15,34548,character varying
jvd_hr,fuseiritsu_flag_wide,16,34548,character varying
jvd_hr,yobi_1,17,34548,character varying
jvd_hr,fuseiritsu_flag_umatan,18,34548,character varying
jvd_hr,fuseiritsu_flag_sanrenpuku,19,34548,character varying
jvd_hr,fuseiritsu_flag_sanrentan,20,34548,character varying
jvd_hr,tokubarai_flag_tansho,21,34548,character varying
jvd_hr,tokubarai_flag_fukusho,22,34548,character varying
jvd_hr,tokubarai_flag_wakuren,23,34548,character varying
jvd_hr,tokubarai_flag_umaren,24,34548,character varying
jvd_hr,tokubarai_flag_wide,25,34548,character varying
jvd_hr,yobi_2,26,34548,character varying
jvd_hr,tokubarai_flag_umatan,27,34548,character varying
jvd_hr,tokubarai_flag_sanrenpuku,28,34548,character varying
jvd_hr,tokubarai_flag_sanrentan,29,34548,character varying
jvd_hr,henkan_flag_tansho,30,34548,character varying
jvd_hr,henkan_flag_fukusho,31,34548,character varying
jvd_hr,henkan_flag_wakuren,32,34548,character varying
jvd_hr,henkan_flag_umaren,33,34548,character varying
jvd_hr,henkan_flag_wide,34,34548,character varying
jvd_hr,yobi_3,35,34548,character varying
jvd_hr,henkan_flag_umatan,36,34548,character varying
jvd_hr,henkan_flag_sanrenpuku,37,34548,character varying
jvd_hr,henkan_flag_sanrentan,38,34548,character varying
jvd_hr,henkan_umaban_joho,39,34548,character varying
jvd_hr,henkan_wakuban_joho,40,34548,character varying
jvd_hr,henkan_dowaku_joho,41,34548,character varying
jvd_hr,haraimodoshi_tansho_1a,42,34548,character varying
jvd_hr,haraimodoshi_tansho_1b,43,34548,character varying
jvd_hr,haraimodoshi_tansho_1c,44,34548,character varying
jvd_hr,haraimodoshi_tansho_2a,45,34548,character varying
jvd_hr,haraimodoshi_tansho_2b,46,34548,character varying
jvd_hr,haraimodoshi_tansho_2c,47,34548,character varying
jvd_hr,haraimodoshi_tansho_3a,48,34548,character varying
jvd_hr,haraimodoshi_tansho_3b,49,34548,character varying
jvd_hr,haraimodoshi_tansho_3c,50,34548,character varying
jvd_hr,haraimodoshi_fukusho_1a,51,34548,character varying
jvd_hr,haraimodoshi_fukusho_1b,52,34548,character varying
jvd_hr,haraimodoshi_fukusho_1c,53,34548,character varying
jvd_hr,haraimodoshi_fukusho_2a,54,34548,character varying
jvd_hr,haraimodoshi_fukusho_2b,55,34548,character varying
jvd_hr,haraimodoshi_fukusho_2c,56,34548,character varying
jvd_hr,haraimodoshi_fukusho_3a,57,34548,character varying
jvd_hr,haraimodoshi_fukusho_3b,58,34548,character varying
jvd_hr,haraimodoshi_fukusho_3c,59,34548,character varying
jvd_hr,haraimodoshi_fukusho_4a,60,34548,character varying
jvd_hr,haraimodoshi_fukusho_4b,61,34548,character varying
jvd_hr,haraimodoshi_fukusho_4c,62,34548,character varying
jvd_hr,haraimodoshi_fukusho_5a,63,34548,character varying
jvd_hr,haraimodoshi_fukusho_5b,64,34548,character varying
jvd_hr,haraimodoshi_fukusho_5c,65,34548,character varying
jvd_hr,haraimodoshi_wakuren_1a,66,34548,character varying
jvd_hr,haraimodoshi_wakuren_1b,67,34548,character varying
jvd_hr,haraimodoshi_wakuren_1c,68,34548,character varying
jvd_hr,haraimodoshi_wakuren_2a,69,34548,character varying
jvd_hr,haraimodoshi_wakuren_2b,70,34548,character varying
jvd_hr,haraimodoshi_wakuren_2c,71,34548,character varying
jvd_hr,haraimodoshi_wakuren_3a,72,34548,character varying
jvd_hr,haraimodoshi_wakuren_3b,73,34548,character varying
jvd_hr,haraimodoshi_wakuren_3c,74,34548,character varying
jvd_hr,haraimodoshi_umaren_1a,75,34548,character varying
jvd_hr,haraimodoshi_umaren_1b,76,34548,character varying
jvd_hr,haraimodoshi_umaren_1c,77,34548,character varying
jvd_hr,haraimodoshi_umaren_2a,78,34548,character varying
jvd_hr,haraimodoshi_umaren_2b,79,34548,character varying
jvd_hr,haraimodoshi_umaren_2c,80,34548,character varying
jvd_hr,haraimodoshi_umaren_3a,81,34548,character varying
jvd_hr,haraimodoshi_umaren_3b,82,34548,character varying
jvd_hr,haraimodoshi_umaren_3c,83,34548,character varying
jvd_hr,haraimodoshi_wide_1a,84,34548,character varying
jvd_hr,haraimodoshi_wide_1b,85,34548,character varying
jvd_hr,haraimodoshi_wide_1c,86,34548,character varying
jvd_hr,haraimodoshi_wide_2a,87,34548,character varying
jvd_hr,haraimodoshi_wide_2b,88,34548,character varying
jvd_hr,haraimodoshi_wide_2c,89,34548,character varying
jvd_hr,haraimodoshi_wide_3a,90,34548,character varying
jvd_hr,haraimodoshi_wide_3b,91,34548,character varying
jvd_hr,haraimodoshi_wide_3c,92,34548,character varying
jvd_hr,haraimodoshi_wide_4a,93,34548,character varying
jvd_hr,haraimodoshi_wide_4b,94,34548,character varying
jvd_hr,haraimodoshi_wide_4c,95,34548,character varying
jvd_hr,haraimodoshi_wide_5a,96,34548,character varying
jvd_hr,haraimodoshi_wide_5b,97,34548,character varying
jvd_hr,haraimodoshi_wide_5c,98,34548,character varying
jvd_hr,haraimodoshi_wide_6a,99,34548,character varying
jvd_hr,haraimodoshi_wide_6b,100,34548,character varying
jvd_hr,haraimodoshi_wide_6c,101,34548,character varying
jvd_hr,haraimodoshi_wide_7a,102,34548,character varying
jvd_hr,haraimodoshi_wide_7b,103,34548,character varying
jvd_hr,haraimodoshi_wide_7c,104,34548,character varying
jvd_hr,yobi_4_1a,105,34548,character varying
jvd_hr,yobi_4_1b,106,34548,character varying
jvd_hr,yobi_4_1c,107,34548,character varying
jvd_hr,yobi_4_2a,108,34548,character varying
jvd_hr,yobi_4_2b,109,34548,character varying
jvd_hr,yobi_4_2c,110,34548,character varying
jvd_hr,yobi_4_3a,111,34548,character varying
jvd_hr,yobi_4_3b,112,34548,character varying
jvd_hr,yobi_4_3c,113,34548,character varying
jvd_hr,haraimodoshi_umatan_1a,114,34548,character varying
jvd_hr,haraimodoshi_umatan_1b,115,34548,character varying
jvd_hr,haraimodoshi_umatan_1c,116,34548,character varying
jvd_hr,haraimodoshi_umatan_2a,117,34548,character varying
jvd_hr,haraimodoshi_umatan_2b,118,34548,character varying
jvd_hr,haraimodoshi_umatan_2c,119,34548,character varying
jvd_hr,haraimodoshi_umatan_3a,120,34548,character varying
jvd_hr,haraimodoshi_umatan_3b,121,34548,character varying
jvd_hr,haraimodoshi_umatan_3c,122,34548,character varying
jvd_hr,haraimodoshi_umatan_4a,123,34548,character varying
jvd_hr,haraimodoshi_umatan_4b,124,34548,character varying
jvd_hr,haraimodoshi_umatan_4c,125,34548,character varying
jvd_hr,haraimodoshi_umatan_5a,126,34548,character varying
jvd_hr,haraimodoshi_umatan_5b,127,34548,character varying
jvd_hr,haraimodoshi_umatan_5c,128,34548,character varying
jvd_hr,haraimodoshi_umatan_6a,129,34548,character varying
jvd_hr,haraimodoshi_umatan_6b,130,34548,character varying
jvd_hr,haraimodoshi_umatan_6c,131,34548,character varying
jvd_hr,haraimodoshi_sanrenpuku_1a,132,34548,character varying
jvd_hr,haraimodoshi_sanrenpuku_1b,133,34548,character varying
jvd_hr,haraimodoshi_sanrenpuku_1c,134,34548,character varying
jvd_hr,haraimodoshi_sanrenpuku_2a,135,34548,character varying
jvd_hr,haraimodoshi_sanrenpuku_2b,136,34548,character varying
jvd_hr,haraimodoshi_sanrenpuku_2c,137,34548,character varying
jvd_hr,haraimodoshi_sanrenpuku_3a,138,34548,character varying
jvd_hr,haraimodoshi_sanrenpuku_3b,139,34548,character varying
jvd_hr,haraimodoshi_sanrenpuku_3c,140,34548,character varying
jvd_hr,haraimodoshi_sanrentan_1a,141,34548,character varying
jvd_hr,haraimodoshi_sanrentan_1b,142,34548,character varying
jvd_hr,haraimodoshi_sanrentan_1c,143,34548,character varying
jvd_hr,haraimodoshi_sanrentan_2a,144,34548,character varying
jvd_hr,haraimodoshi_sanrentan_2b,145,34548,character varying
jvd_hr,haraimodoshi_sanrentan_2c,146,34548,character varying
jvd_hr,haraimodoshi_sanrentan_3a,147,34548,character varying
jvd_hr,haraimodoshi_sanrentan_3b,148,34548,character varying
jvd_hr,haraimodoshi_sanrentan_3c,149,34548,character varying
jvd_hr,haraimodoshi_sanrentan_4a,150,34548,character varying
jvd_hr,haraimodoshi_sanrentan_4b,151,34548,character varying
jvd_hr,haraimodoshi_sanrentan_4c,152,34548,character varying
jvd_hr,haraimodoshi_sanrentan_5a,153,34548,character varying
jvd_hr,haraimodoshi_sanrentan_5b,154,34548,character varying
jvd_hr,haraimodoshi_sanrentan_5c,155,34548,character varying
jvd_hr,haraimodoshi_sanrentan_6a,156,34548,character varying
jvd_hr,haraimodoshi_sanrentan_6b,157,34548,character varying
jvd_hr,haraimodoshi_sanrentan_6c,158,34548,character varying
jvd_jg,record_id,1,808218,character varying
jvd_jg,data_kubun,2,808218,character varying
jvd_jg,data_sakusei_nengappi,3,808218,character varying
jvd_jg,ketto_toroku_bango,10,808218,character varying
jvd_jg,bamei,11,808218,character varying
jvd_jg,shutsuba_tohyo_uketsuke,12,808218,character varying
jvd_jg,shusso_kubun,13,808218,character varying
jvd_jg,jogai_jotai_kubun,14,808218,character varying
jvd_ra,record_id,1,59851,character varying
jvd_ra,data_kubun,2,59851,character varying
jvd_ra,data_sakusei_nengappi,3,59851,character varying
jvd_ra,yobi_code,10,59851,character varying
jvd_ra,tokubetsu_kyoso_bango,11,59851,character varying
jvd_ra,kyosomei_hondai,12,59851,character varying
jvd_ra,kyosomei_fukudai,13,59851,character varying
jvd_ra,kyosomei_kakkonai,14,59851,character varying
jvd_ra,kyosomei_hondai_eur,15,59851,character varying
jvd_ra,kyosomei_fukudai_eur,16,59851,character varying
jvd_ra,kyosomei_kakkonai_eur,17,59851,character varying
jvd_ra,kyosomei_ryakusho_10,18,59851,character varying
jvd_ra,kyosomei_ryakusho_6,19,59851,character varying
jvd_ra,kyosomei_ryakusho_3,20,59851,character varying
jvd_ra,kyosomei_kubun,21,59851,character varying
jvd_ra,jusho_kaiji,22,59851,character varying
jvd_ra,grade_code_henkomae,24,59851,character varying
jvd_ra,kyoso_shubetsu_code,25,59851,character varying
jvd_ra,kyoso_kigo_code,26,59851,character varying
jvd_ra,juryo_shubetsu_code,27,59851,character varying
jvd_ra,kyoso_joken_code_2sai,28,59851,character varying
jvd_ra,kyoso_joken_code_3sai,29,59851,character varying
jvd_ra,kyoso_joken_code_4sai,30,59851,character varying
jvd_ra,kyoso_joken_code_5sai_ijo,31,59851,character varying
jvd_ra,kyoso_joken_code,32,59851,character varying
jvd_ra,kyoso_joken_meisho,33,59851,character varying
jvd_ra,kyori_henkomae,35,59851,character varying
jvd_ra,track_code_henkomae,37,59851,character varying
jvd_ra,course_kubun,38,59851,character varying
jvd_ra,course_kubun_henkomae,39,59851,character varying
jvd_ra,honshokin,40,59851,character varying
jvd_ra,honshokin_henkomae,41,59851,character varying
jvd_ra,fukashokin,42,59851,character varying
jvd_ra,fukashokin_henkomae,43,59851,character varying
jvd_ra,hasso_jikoku_henkomae,45,59851,character varying
jvd_ra,toroku_tosu,46,59851,character varying
jvd_ra,nyusen_tosu,48,59851,character varying
jvd_ra,lap_time,52,59851,character varying
jvd_ra,shogai_mile_time,53,59851,character varying
jvd_ra,zenhan_3f,54,59851,character varying
jvd_ra,zenhan_4f,55,59851,character varying
jvd_ra,kohan_3f,56,59851,character varying
jvd_ra,kohan_4f,57,59851,character varying
jvd_ra,corner_tsuka_juni_1,58,59851,character varying
jvd_ra,corner_tsuka_juni_2,59,59851,character varying
jvd_ra,corner_tsuka_juni_3,60,59851,character varying
jvd_ra,corner_tsuka_juni_4,61,59851,character varying
jvd_ra,record_koshin_kubun,62,59851,character varying
jvd_se,record_id,1,739040,character varying
jvd_se,data_kubun,2,739040,character varying
jvd_se,data_sakusei_nengappi,3,739040,character varying
jvd_se,ketto_toroku_bango,12,739040,character varying
jvd_se,bamei,13,739040,character varying
jvd_se,umakigo_code,14,739040,character varying
jvd_se,hinshu_code,16,739040,character varying
jvd_se,moshoku_code,17,739040,character varying
jvd_se,tozai_shozoku_code,19,739040,character varying
jvd_se,chokyoshi_code,20,739040,character varying
jvd_se,chokyoshimei_ryakusho,21,739040,character varying
jvd_se,banushi_code,22,739040,character varying
jvd_se,banushimei,23,739040,character varying
jvd_se,fukushoku_hyoji,24,739040,character varying
jvd_se,yobi_1,25,739040,character varying
jvd_se,futan_juryo,26,739040,character varying
jvd_se,futan_juryo_henkomae,27,739040,character varying
jvd_se,yobi_2,29,739040,character varying
jvd_se,kishu_code,30,739040,character varying
jvd_se,kishu_code_henkomae,31,739040,character varying
jvd_se,kishumei_ryakusho_henkomae,33,739040,character varying
jvd_se,kishu_minarai_code,34,739040,character varying
jvd_se,kishu_minarai_code_henkomae,35,739040,character varying
jvd_se,bataiju,36,739040,character varying
jvd_se,zogen_fugo,37,739040,character varying
jvd_se,ijo_kubun_code,39,739040,character varying
jvd_se,nyusen_juni,40,739040,character varying
jvd_se,kakutei_chakujun,41,739040,character varying
jvd_se,dochaku_kubun,42,739040,character varying
jvd_se,dochaku_tosu,43,739040,character varying
jvd_se,soha_time,44,739040,character varying
jvd_se,chakusa_code_1,45,739040,character varying
jvd_se,chakusa_code_2,46,739040,character varying
jvd_se,chakusa_code_3,47,739040,character varying
jvd_se,corner_1,48,739040,character varying
jvd_se,corner_2,49,739040,character varying
jvd_se,corner_3,50,739040,character varying
jvd_se,corner_4,51,739040,character varying
jvd_se,tansho_odds,52,739040,character varying
jvd_se,tansho_ninkijun,53,739040,character varying
jvd_se,kakutoku_honshokin,54,739040,character varying
jvd_se,kakutoku_fukashokin,55,739040,character varying
jvd_se,yobi_3,56,739040,character varying
jvd_se,yobi_4,57,739040,character varying
jvd_se,kohan_4f,58,739040,character varying
jvd_se,kohan_3f,59,739040,character varying
jvd_se,aiteuma_joho_1,60,739040,character varying
jvd_se,aiteuma_joho_2,61,739040,character varying
jvd_se,aiteuma_joho_3,62,739040,character varying
jvd_se,time_sa,63,739040,character varying
jvd_se,record_koshin_kubun,64,739040,character varying
jvd_se,mining_kubun,65,739040,character varying
jvd_se,yoso_soha_time,66,739040,character varying
jvd_se,yoso_gosa_plus,67,739040,character varying
jvd_se,yoso_gosa_minus,68,739040,character varying
jvd_se,yoso_juni,69,739040,character varying
jvd_se,kyakushitsu_hantei,70,739040,character varying
jvd_sk,record_id,1,427045,character varying
jvd_sk,data_kubun,2,427045,character varying
jvd_sk,data_sakusei_nengappi,3,427045,character varying
jvd_sk,ketto_toroku_bango,4,427045,character varying
jvd_sk,seinengappi,5,427045,character varying
jvd_sk,hinshu_code,7,427045,character varying
jvd_sk,moshoku_code,8,427045,character varying
jvd_sk,mochikomi_kubun,9,427045,character varying
jvd_sk,yunyu_nen,10,427045,character varying
jvd_sk,seisansha_code,11,427045,character varying
jvd_sk,sanchimei,12,427045,character varying
jvd_sk,ketto_joho_01a,13,427045,character varying
jvd_sk,ketto_joho_02a,14,427045,character varying
jvd_sk,ketto_joho_03a,15,427045,character varying
jvd_sk,ketto_joho_04a,16,427045,character varying
jvd_sk,ketto_joho_05a,17,427045,character varying
jvd_sk,ketto_joho_06a,18,427045,character varying
jvd_sk,ketto_joho_07a,19,427045,character varying
jvd_sk,ketto_joho_08a,20,427045,character varying
jvd_sk,ketto_joho_09a,21,427045,character varying
jvd_sk,ketto_joho_10a,22,427045,character varying
jvd_sk,ketto_joho_11a,23,427045,character varying
jvd_sk,ketto_joho_12a,24,427045,character varying
jvd_sk,ketto_joho_13a,25,427045,character varying
jvd_sk,ketto_joho_14a,26,427045,character varying
jvd_um,record_id,1,211788,character varying
jvd_um,data_kubun,2,211788,character varying
jvd_um,data_sakusei_nengappi,3,211788,character varying
jvd_um,ketto_toroku_bango,4,211788,character varying
jvd_um,massho_kubun,5,211788,character varying
jvd_um,toroku_nengappi,6,211788,character varying
jvd_um,massho_nengappi,7,211788,character varying
jvd_um,seinengappi,8,211788,character varying
jvd_um,bamei,9,211788,character varying
jvd_um,bamei_hankaku_kana,10,211788,character varying
jvd_um,bamei_eur,11,211788,character varying
jvd_um,zaikyu_flag,12,211788,character varying
jvd_um,yobi_1,13,211788,character varying
jvd_um,umakigo_code,14,211788,character varying
jvd_um,hinshu_code,16,211788,character varying
jvd_um,moshoku_code,17,211788,character varying
jvd_um,ketto_joho_01a,18,211788,character varying
jvd_um,ketto_joho_01b,19,211788,character varying
jvd_um,ketto_joho_02a,20,211788,character varying
jvd_um,ketto_joho_02b,21,211788,character varying
jvd_um,ketto_joho_03a,22,211788,character varying
jvd_um,ketto_joho_03b,23,211788,character varying
jvd_um,ketto_joho_04a,24,211788,character varying
jvd_um,ketto_joho_04b,25,211788,character varying
jvd_um,ketto_joho_05a,26,211788,character varying
jvd_um,ketto_joho_05b,27,211788,character varying
jvd_um,ketto_joho_06a,28,211788,character varying
jvd_um,ketto_joho_06b,29,211788,character varying
jvd_um,ketto_joho_07a,30,211788,character varying
jvd_um,ketto_joho_07b,31,211788,character varying
jvd_um,ketto_joho_08a,32,211788,character varying
jvd_um,ketto_joho_08b,33,211788,character varying
jvd_um,ketto_joho_09a,34,211788,character varying
jvd_um,ketto_joho_09b,35,211788,character varying
jvd_um,ketto_joho_10a,36,211788,character varying
jvd_um,ketto_joho_10b,37,211788,character varying
jvd_um,ketto_joho_11a,38,211788,character varying
jvd_um,ketto_joho_11b,39,211788,character varying
jvd_um,ketto_joho_12a,40,211788,character varying
jvd_um,ketto_joho_12b,41,211788,character varying
jvd_um,ketto_joho_13a,42,211788,character varying
jvd_um,ketto_joho_13b,43,211788,character varying
jvd_um,ketto_joho_14a,44,211788,character varying
jvd_um,ketto_joho_14b,45,211788,character varying
jvd_um,tozai_shozoku_code,46,211788,character varying
jvd_um,chokyoshi_code,47,211788,character varying
jvd_um,chokyoshimei_ryakusho,48,211788,character varying
jvd_um,shotai_chiikimei,49,211788,character varying
jvd_um,seisansha_code,50,211788,character varying
jvd_um,seisanshamei,51,211788,character varying
jvd_um,sanchimei,52,211788,character varying
jvd_um,banushi_code,53,211788,character varying
jvd_um,banushimei,54,211788,character varying
jvd_um,heichi_honshokin_ruikei,55,211788,character varying
jvd_um,shogai_honshokin_ruikei,56,211788,character varying
jvd_um,heichi_fukashokin_ruikei,57,211788,character varying
jvd_um,shogai_fukashokin_ruikei,58,211788,character varying
jvd_um,heichi_shutokushokin_ruikei,59,211788,character varying
jvd_um,shogai_shutokushokin_ruikei,60,211788,character varying
jvd_um,sogo,61,211788,character varying
jvd_um,chuo_gokei,62,211788,character varying
jvd_um,shiba_choku,63,211788,character varying
jvd_um,shiba_migi,64,211788,character varying
jvd_um,shiba_hidari,65,211788,character varying
jvd_um,dirt_choku,66,211788,character varying
jvd_um,dirt_migi,67,211788,character varying
jvd_um,dirt_hidari,68,211788,character varying
jvd_um,shogai,69,211788,character varying
jvd_um,shiba_ryo,70,211788,character varying
jvd_um,shiba_yayaomo,71,211788,character varying
jvd_um,shiba_omo,72,211788,character varying
jvd_um,shiba_furyo,73,211788,character varying
jvd_um,dirt_ryo,74,211788,character varying
jvd_um,dirt_yayaomo,75,211788,character varying
jvd_um,dirt_omo,76,211788,character varying
jvd_um,dirt_furyo,77,211788,character varying
jvd_um,shogai_ryo,78,211788,character varying
jvd_um,shogai_yayaomo,79,211788,character varying
jvd_um,shogai_omo,80,211788,character varying
jvd_um,shogai_furyo,81,211788,character varying
jvd_um,shiba_short,82,211788,character varying
jvd_um,shiba_middle,83,211788,character varying
jvd_um,shiba_long,84,211788,character varying
jvd_um,dirt_short,85,211788,character varying
jvd_um,dirt_middle,86,211788,character varying
jvd_um,dirt_long,87,211788,character varying
jvd_um,kyakushitsu_keiko,88,211788,character varying
jvd_um,toroku_race_su,89,211788,character varying
jvd_wf,record_id,1,581,character varying
jvd_wf,data_kubun,2,581,character varying
jvd_wf,data_sakusei_nengappi,3,581,character varying
jvd_wf,yobi_1,6,581,character varying
jvd_wf,race_joho_1,7,581,character varying
jvd_wf,race_joho_2,8,581,character varying
jvd_wf,race_joho_3,9,581,character varying
jvd_wf,race_joho_4,10,581,character varying
jvd_wf,race_joho_5,11,581,character varying
jvd_wf,yobi_2,12,581,character varying
jvd_wf,win5_hyosu_gokei,13,581,character varying
jvd_wf,yuko_hyosu_1,14,581,character varying
jvd_wf,yuko_hyosu_2,15,581,character varying
jvd_wf,yuko_hyosu_3,16,581,character varying
jvd_wf,yuko_hyosu_4,17,581,character varying
jvd_wf,yuko_hyosu_5,18,581,character varying
jvd_wf,henkan_flag,19,581,character varying
jvd_wf,fuseiritsu_flag,20,581,character varying
jvd_wf,tekichu_nashi_flag,21,581,character varying
jvd_wf,carry_over,22,581,character varying
jvd_wf,carry_over_zandaka,23,581,character varying
jvd_wf,haraimodoshi_win5_001,24,581,character varying
jvd_wf,haraimodoshi_win5_002,25,581,character varying
jvd_wf,haraimodoshi_win5_003,26,581,character varying
jvd_wf,haraimodoshi_win5_004,27,581,character varying
jvd_wf,haraimodoshi_win5_005,28,581,character varying
jvd_wf,haraimodoshi_win5_006,29,581,character varying
jvd_wf,haraimodoshi_win5_007,30,581,character varying
jvd_wf,haraimodoshi_win5_008,31,581,character varying
jvd_wf,haraimodoshi_win5_009,32,581,character varying
jvd_wf,haraimodoshi_win5_010,33,581,character varying
jvd_wf,haraimodoshi_win5_011,34,581,character varying
jvd_wf,haraimodoshi_win5_012,35,581,character varying
jvd_wf,haraimodoshi_win5_013,36,581,character varying
jvd_wf,haraimodoshi_win5_014,37,581,character varying
jvd_wf,haraimodoshi_win5_015,38,581,character varying
jvd_wf,haraimodoshi_win5_016,39,581,character varying
jvd_wf,haraimodoshi_win5_017,40,581,character varying
jvd_wf,haraimodoshi_win5_018,41,581,character varying
jvd_wf,haraimodoshi_win5_019,42,581,character varying
jvd_wf,haraimodoshi_win5_020,43,581,character varying
jvd_wf,haraimodoshi_win5_021,44,581,character varying
jvd_wf,haraimodoshi_win5_022,45,581,character varying
jvd_wf,haraimodoshi_win5_023,46,581,character varying
jvd_wf,haraimodoshi_win5_024,47,581,character varying
jvd_wf,haraimodoshi_win5_025,48,581,character varying
jvd_wf,haraimodoshi_win5_026,49,581,character varying
jvd_wf,haraimodoshi_win5_027,50,581,character varying
jvd_wf,haraimodoshi_win5_028,51,581,character varying
jvd_wf,haraimodoshi_win5_029,52,581,character varying
jvd_wf,haraimodoshi_win5_030,53,581,character varying
jvd_wf,haraimodoshi_win5_031,54,581,character varying
jvd_wf,haraimodoshi_win5_032,55,581,character varying
jvd_wf,haraimodoshi_win5_033,56,581,character varying
jvd_wf,haraimodoshi_win5_034,57,581,character varying
jvd_wf,haraimodoshi_win5_035,58,581,character varying
jvd_wf,haraimodoshi_win5_036,59,581,character varying
jvd_wf,haraimodoshi_win5_037,60,581,character varying
jvd_wf,haraimodoshi_win5_038,61,581,character varying
jvd_wf,haraimodoshi_win5_039,62,581,character varying
jvd_wf,haraimodoshi_win5_040,63,581,character varying
jvd_wf,haraimodoshi_win5_041,64,581,character varying
jvd_wf,haraimodoshi_win5_042,65,581,character varying
jvd_wf,haraimodoshi_win5_043,66,581,character varying
jvd_wf,haraimodoshi_win5_044,67,581,character varying
jvd_wf,haraimodoshi_win5_045,68,581,character varying
jvd_wf,haraimodoshi_win5_046,69,581,character varying
jvd_wf,haraimodoshi_win5_047,70,581,character varying
jvd_wf,haraimodoshi_win5_048,71,581,character varying
jvd_wf,haraimodoshi_win5_049,72,581,character varying
jvd_wf,haraimodoshi_win5_050,73,581,character varying
jvd_wf,haraimodoshi_win5_051,74,581,character varying
jvd_wf,haraimodoshi_win5_052,75,581,character varying
jvd_wf,haraimodoshi_win5_053,76,581,character varying
jvd_wf,haraimodoshi_win5_054,77,581,character varying
jvd_wf,haraimodoshi_win5_055,78,581,character varying
jvd_wf,haraimodoshi_win5_056,79,581,character varying
jvd_wf,haraimodoshi_win5_057,80,581,character varying
jvd_wf,haraimodoshi_win5_058,81,581,character varying
jvd_wf,haraimodoshi_win5_059,82,581,character varying
jvd_wf,haraimodoshi_win5_060,83,581,character varying
jvd_wf,haraimodoshi_win5_061,84,581,character varying
jvd_wf,haraimodoshi_win5_062,85,581,character varying
jvd_wf,haraimodoshi_win5_063,86,581,character varying
jvd_wf,haraimodoshi_win5_064,87,581,character varying
jvd_wf,haraimodoshi_win5_065,88,581,character varying
jvd_wf,haraimodoshi_win5_066,89,581,character varying
jvd_wf,haraimodoshi_win5_067,90,581,character varying
jvd_wf,haraimodoshi_win5_068,91,581,character varying
jvd_wf,haraimodoshi_win5_069,92,581,character varying
jvd_wf,haraimodoshi_win5_070,93,581,character varying
jvd_wf,haraimodoshi_win5_071,94,581,character varying
jvd_wf,haraimodoshi_win5_072,95,581,character varying
jvd_wf,haraimodoshi_win5_073,96,581,character varying
jvd_wf,haraimodoshi_win5_074,97,581,character varying
jvd_wf,haraimodoshi_win5_075,98,581,character varying
jvd_wf,haraimodoshi_win5_076,99,581,character varying
jvd_wf,haraimodoshi_win5_077,100,581,character varying
jvd_wf,haraimodoshi_win5_078,101,581,character varying
jvd_wf,haraimodoshi_win5_079,102,581,character varying
jvd_wf,haraimodoshi_win5_080,103,581,character varying
jvd_wf,haraimodoshi_win5_081,104,581,character varying
jvd_wf,haraimodoshi_win5_082,105,581,character varying
jvd_wf,haraimodoshi_win5_083,106,581,character varying
jvd_wf,haraimodoshi_win5_084,107,581,character varying
jvd_wf,haraimodoshi_win5_085,108,581,character varying
jvd_wf,haraimodoshi_win5_086,109,581,character varying
jvd_wf,haraimodoshi_win5_087,110,581,character varying
jvd_wf,haraimodoshi_win5_088,111,581,character varying
jvd_wf,haraimodoshi_win5_089,112,581,character varying
jvd_wf,haraimodoshi_win5_090,113,581,character varying
jvd_wf,haraimodoshi_win5_091,114,581,character varying
jvd_wf,haraimodoshi_win5_092,115,581,character varying
jvd_wf,haraimodoshi_win5_093,116,581,character varying
jvd_wf,haraimodoshi_win5_094,117,581,character varying
jvd_wf,haraimodoshi_win5_095,118,581,character varying
jvd_wf,haraimodoshi_win5_096,119,581,character varying
jvd_wf,haraimodoshi_win5_097,120,581,character varying
jvd_wf,haraimodoshi_win5_098,121,581,character varying
jvd_wf,haraimodoshi_win5_099,122,581,character varying
jvd_wf,haraimodoshi_win5_100,123,581,character varying
jvd_wf,haraimodoshi_win5_101,124,581,character varying
jvd_wf,haraimodoshi_win5_102,125,581,character varying
jvd_wf,haraimodoshi_win5_103,126,581,character varying
jvd_wf,haraimodoshi_win5_104,127,581,character varying
jvd_wf,haraimodoshi_win5_105,128,581,character varying
jvd_wf,haraimodoshi_win5_106,129,581,character varying
jvd_wf,haraimodoshi_win5_107,130,581,character varying
jvd_wf,haraimodoshi_win5_108,131,581,character varying
jvd_wf,haraimodoshi_win5_109,132,581,character varying
jvd_wf,haraimodoshi_win5_110,133,581,character varying
jvd_wf,haraimodoshi_win5_111,134,581,character varying
jvd_wf,haraimodoshi_win5_112,135,581,character varying
jvd_wf,haraimodoshi_win5_113,136,581,character varying
jvd_wf,haraimodoshi_win5_114,137,581,character varying
jvd_wf,haraimodoshi_win5_115,138,581,character varying
jvd_wf,haraimodoshi_win5_116,139,581,character varying
jvd_wf,haraimodoshi_win5_117,140,581,character varying
jvd_wf,haraimodoshi_win5_118,141,581,character varying
jvd_wf,haraimodoshi_win5_119,142,581,character varying
jvd_wf,haraimodoshi_win5_120,143,581,character varying
jvd_wf,haraimodoshi_win5_121,144,581,character varying
jvd_wf,haraimodoshi_win5_122,145,581,character varying
jvd_wf,haraimodoshi_win5_123,146,581,character varying
jvd_wf,haraimodoshi_win5_124,147,581,character varying
jvd_wf,haraimodoshi_win5_125,148,581,character varying
jvd_wf,haraimodoshi_win5_126,149,581,character varying
jvd_wf,haraimodoshi_win5_127,150,581,character varying
jvd_wf,haraimodoshi_win5_128,151,581,character varying
jvd_wf,haraimodoshi_win5_129,152,581,character varying
jvd_wf,haraimodoshi_win5_130,153,581,character varying
jvd_wf,haraimodoshi_win5_131,154,581,character varying
jvd_wf,haraimodoshi_win5_132,155,581,character varying
jvd_wf,haraimodoshi_win5_133,156,581,character varying
jvd_wf,haraimodoshi_win5_134,157,581,character varying
jvd_wf,haraimodoshi_win5_135,158,581,character varying
jvd_wf,haraimodoshi_win5_136,159,581,character varying
jvd_wf,haraimodoshi_win5_137,160,581,character varying
jvd_wf,haraimodoshi_win5_138,161,581,character varying
jvd_wf,haraimodoshi_win5_139,162,581,character varying
jvd_wf,haraimodoshi_win5_140,163,581,character varying
jvd_wf,haraimodoshi_win5_141,164,581,character varying
jvd_wf,haraimodoshi_win5_142,165,581,character varying
jvd_wf,haraimodoshi_win5_143,166,581,character varying
jvd_wf,haraimodoshi_win5_144,167,581,character varying
jvd_wf,haraimodoshi_win5_145,168,581,character varying
jvd_wf,haraimodoshi_win5_146,169,581,character varying
jvd_wf,haraimodoshi_win5_147,170,581,character varying
jvd_wf,haraimodoshi_win5_148,171,581,character varying
jvd_wf,haraimodoshi_win5_149,172,581,character varying
jvd_wf,haraimodoshi_win5_150,173,581,character varying
jvd_wf,haraimodoshi_win5_151,174,581,character varying
jvd_wf,haraimodoshi_win5_152,175,581,character varying
jvd_wf,haraimodoshi_win5_153,176,581,character varying
jvd_wf,haraimodoshi_win5_154,177,581,character varying
jvd_wf,haraimodoshi_win5_155,178,581,character varying
jvd_wf,haraimodoshi_win5_156,179,581,character varying
jvd_wf,haraimodoshi_win5_157,180,581,character varying
jvd_wf,haraimodoshi_win5_158,181,581,character varying
jvd_wf,haraimodoshi_win5_159,182,581,character varying
jvd_wf,haraimodoshi_win5_160,183,581,character varying
jvd_wf,haraimodoshi_win5_161,184,581,character varying
jvd_wf,haraimodoshi_win5_162,185,581,character varying
jvd_wf,haraimodoshi_win5_163,186,581,character varying
jvd_wf,haraimodoshi_win5_164,187,581,character varying
jvd_wf,haraimodoshi_win5_165,188,581,character varying
jvd_wf,haraimodoshi_win5_166,189,581,character varying
jvd_wf,haraimodoshi_win5_167,190,581,character varying
jvd_wf,haraimodoshi_win5_168,191,581,character varying
jvd_wf,haraimodoshi_win5_169,192,581,character varying
jvd_wf,haraimodoshi_win5_170,193,581,character varying
jvd_wf,haraimodoshi_win5_171,194,581,character varying
jvd_wf,haraimodoshi_win5_172,195,581,character varying
jvd_wf,haraimodoshi_win5_173,196,581,character varying
jvd_wf,haraimodoshi_win5_174,197,581,character varying
jvd_wf,haraimodoshi_win5_175,198,581,character varying
jvd_wf,haraimodoshi_win5_176,199,581,character varying
jvd_wf,haraimodoshi_win5_177,200,581,character varying
jvd_wf,haraimodoshi_win5_178,201,581,character varying
jvd_wf,haraimodoshi_win5_179,202,581,character varying
jvd_wf,haraimodoshi_win5_180,203,581,character varying
jvd_wf,haraimodoshi_win5_181,204,581,character varying
jvd_wf,haraimodoshi_win5_182,205,581,character varying
jvd_wf,haraimodoshi_win5_183,206,581,character varying
jvd_wf,haraimodoshi_win5_184,207,581,character varying
jvd_wf,haraimodoshi_win5_185,208,581,character varying
jvd_wf,haraimodoshi_win5_186,209,581,character varying
jvd_wf,haraimodoshi_win5_187,210,581,character varying
jvd_wf,haraimodoshi_win5_188,211,581,character varying
jvd_wf,haraimodoshi_win5_189,212,581,character varying
jvd_wf,haraimodoshi_win5_190,213,581,character varying
jvd_wf,haraimodoshi_win5_191,214,581,character varying
jvd_wf,haraimodoshi_win5_192,215,581,character varying
jvd_wf,haraimodoshi_win5_193,216,581,character varying
jvd_wf,haraimodoshi_win5_194,217,581,character varying
jvd_wf,haraimodoshi_win5_195,218,581,character varying
jvd_wf,haraimodoshi_win5_196,219,581,character varying
jvd_wf,haraimodoshi_win5_197,220,581,character varying
jvd_wf,haraimodoshi_win5_198,221,581,character varying
jvd_wf,haraimodoshi_win5_199,222,581,character varying
jvd_wf,haraimodoshi_win5_200,223,581,character varying
jvd_wf,haraimodoshi_win5_201,224,581,character varying
jvd_wf,haraimodoshi_win5_202,225,581,character varying
jvd_wf,haraimodoshi_win5_203,226,581,character varying
jvd_wf,haraimodoshi_win5_204,227,581,character varying
jvd_wf,haraimodoshi_win5_205,228,581,character varying
jvd_wf,haraimodoshi_win5_206,229,581,character varying
jvd_wf,haraimodoshi_win5_207,230,581,character varying
jvd_wf,haraimodoshi_win5_208,231,581,character varying
jvd_wf,haraimodoshi_win5_209,232,581,character varying
jvd_wf,haraimodoshi_win5_210,233,581,character varying
jvd_wf,haraimodoshi_win5_211,234,581,character varying
jvd_wf,haraimodoshi_win5_212,235,581,character varying
jvd_wf,haraimodoshi_win5_213,236,581,character varying
jvd_wf,haraimodoshi_win5_214,237,581,character varying
jvd_wf,haraimodoshi_win5_215,238,581,character varying
jvd_wf,haraimodoshi_win5_216,239,581,character varying
jvd_wf,haraimodoshi_win5_217,240,581,character varying
jvd_wf,haraimodoshi_win5_218,241,581,character varying
jvd_wf,haraimodoshi_win5_219,242,581,character varying
jvd_wf,haraimodoshi_win5_220,243,581,character varying
jvd_wf,haraimodoshi_win5_221,244,581,character varying
jvd_wf,haraimodoshi_win5_222,245,581,character varying
jvd_wf,haraimodoshi_win5_223,246,581,character varying
jvd_wf,haraimodoshi_win5_224,247,581,character varying
jvd_wf,haraimodoshi_win5_225,248,581,character varying
jvd_wf,haraimodoshi_win5_226,249,581,character varying
jvd_wf,haraimodoshi_win5_227,250,581,character varying
jvd_wf,haraimodoshi_win5_228,251,581,character varying
jvd_wf,haraimodoshi_win5_229,252,581,character varying
jvd_wf,haraimodoshi_win5_230,253,581,character varying
jvd_wf,haraimodoshi_win5_231,254,581,character varying
jvd_wf,haraimodoshi_win5_232,255,581,character varying
jvd_wf,haraimodoshi_win5_233,256,581,character varying
jvd_wf,haraimodoshi_win5_234,257,581,character varying
jvd_wf,haraimodoshi_win5_235,258,581,character varying
jvd_wf,haraimodoshi_win5_236,259,581,character varying
jvd_wf,haraimodoshi_win5_237,260,581,character varying
jvd_wf,haraimodoshi_win5_238,261,581,character varying
jvd_wf,haraimodoshi_win5_239,262,581,character varying
jvd_wf,haraimodoshi_win5_240,263,581,character varying
jvd_wf,haraimodoshi_win5_241,264,581,character varying
jvd_wf,haraimodoshi_win5_242,265,581,character varying
jvd_wf,haraimodoshi_win5_243,266,581,character varying
